{
  "episodes_collected": 24,
  "steps_collected": 15765,
  "average_episode_reward": 5.848750000000002,
  "average_episode_turns": 225.83333333333334,
  "winner_counts": {
    "3": 7,
    "2": 5,
    "0": 7,
    "1": 5
  },
  "truncation_count": 0,
  "average_first_place_rate": 1.0,
  "average_final_placement_score": 0.4791666666666667,
  "average_final_vp": 5.46875,
  "policy_loss": -0.00013219883937471777,
  "value_loss": 0.02558283086698011,
  "entropy": 0.782934911564204,
  "total_loss": 0.004829868207200153,
  "explained_variance": 0.9291664361953735
}