{
  "episodes_collected": 6,
  "steps_collected": 3785,
  "average_episode_reward": 3.417916666666663,
  "average_episode_turns": 207.0,
  "winner_counts": {
    "0": 3,
    "2": 1,
    "1": 1,
    "3": 1
  },
  "truncation_count": 0,
  "average_first_place_rate": 1.0,
  "average_final_placement_score": 0.4583333333333333,
  "average_final_vp": 6.25,
  "policy_loss": 0.0006154294200398751,
  "value_loss": 0.004450305094863858,
  "entropy": 0.7282280144183445,
  "total_loss": -0.0044416982507655385,
  "explained_variance": 0.964123547077179
}