{
  "episodes_collected": 6,
  "steps_collected": 3311,
  "average_episode_reward": 2.7648333333333617,
  "average_episode_turns": 188.33333333333334,
  "winner_counts": {
    "3": 2,
    "1": 2,
    "0": 1,
    "2": 1
  },
  "truncation_count": 0,
  "average_first_place_rate": 1.0,
  "average_final_placement_score": 0.4583333333333333,
  "average_final_vp": 5.541666666666667,
  "policy_loss": 0.000295021620709539,
  "value_loss": 0.005358059022233682,
  "entropy": 0.6864992705520224,
  "total_loss": -0.003890941220961043,
  "explained_variance": 0.927861213684082
}