{
  "episodes_collected": 8,
  "steps_collected": 7906,
  "average_episode_reward": 1.0,
  "average_episode_turns": 332.25,
  "winner_counts": {
    "0": 2,
    "3": 3,
    "2": 2,
    "1": 1
  },
  "truncation_count": 0,
  "average_first_place_rate": 1.0,
  "average_final_placement_score": 0.4453125,
  "average_final_vp": 6.21875,
  "policy_loss": -0.0026632998750785427,
  "value_loss": 0.0034380050025110023,
  "entropy": 0.7680120548053134,
  "total_loss": -0.008624418263113307,
  "explained_variance": 0.8564056158065796
}