{
  "episodes_collected": 16,
  "steps_collected": 8740,
  "average_episode_reward": 2.3187500000000165,
  "average_episode_turns": 183.875,
  "winner_counts": {
    "1": 7,
    "2": 4,
    "0": 4,
    "3": 1
  },
  "truncation_count": 0,
  "average_first_place_rate": 1.0,
  "average_final_placement_score": 0.4765625,
  "average_final_vp": 5.484375,
  "policy_loss": -0.0006410416702601983,
  "value_loss": 0.005296536684896068,
  "entropy": 0.7203665629737556,
  "total_loss": -0.005196437954739199,
  "explained_variance": 0.9047999978065491
}