{
  "episodes_collected": 4,
  "steps_collected": 3991,
  "average_episode_reward": 1.0,
  "average_episode_turns": 323.75,
  "winner_counts": {
    "3": 1,
    "0": 1,
    "2": 2
  },
  "truncation_count": 0,
  "average_first_place_rate": 1.0,
  "average_final_placement_score": 0.484375,
  "average_final_vp": 5.8125,
  "policy_loss": 0.00037102796137332915,
  "value_loss": 0.005506951029150514,
  "entropy": 0.8255592958927155,
  "total_loss": -0.0051310886833816766,
  "explained_variance": 0.47148948907852173
}