{
  "episodes_collected": 4,
  "steps_collected": 3048,
  "average_episode_reward": 1.0,
  "average_episode_turns": 260.75,
  "winner_counts": {
    "2": 2,
    "0": 1,
    "3": 1
  },
  "truncation_count": 0,
  "average_first_place_rate": 1.0,
  "average_final_placement_score": 0.453125,
  "average_final_vp": 6.1875,
  "policy_loss": 2.5790426099955723e-05,
  "value_loss": 0.004079738878655669,
  "entropy": 0.7347994719812383,
  "total_loss": -0.005282333859422912,
  "explained_variance": 0.820632815361023
}