{
  "episodes_collected": 6,
  "steps_collected": 4047,
  "average_episode_reward": 2.6588333333333827,
  "average_episode_turns": 223.66666666666666,
  "winner_counts": {
    "2": 1,
    "0": 1,
    "3": 2,
    "1": 2
  },
  "truncation_count": 0,
  "average_first_place_rate": 1.0,
  "average_final_placement_score": 0.4583333333333333,
  "average_final_vp": 5.666666666666667,
  "policy_loss": -3.793433661988601e-05,
  "value_loss": 0.003800849152568787,
  "entropy": 0.7122006805488479,
  "total_loss": -0.0052595152464426555,
  "explained_variance": 0.9384269118309021
}