{
  "episodes_collected": 8,
  "steps_collected": 5066,
  "average_episode_reward": 1.0,
  "average_episode_turns": 215.25,
  "winner_counts": {
    "1": 1,
    "2": 2,
    "3": 3,
    "0": 2
  },
  "truncation_count": 0,
  "average_first_place_rate": 1.0,
  "average_final_placement_score": 0.4375,
  "average_final_vp": 5.9375,
  "policy_loss": -1.3758987041904866e-05,
  "value_loss": 0.0029553982940971604,
  "entropy": 0.7463228485119417,
  "total_loss": -0.005999288422131688,
  "explained_variance": 0.9555388689041138
}