{
  "episodes_collected": 6,
  "steps_collected": 4989,
  "average_episode_reward": 2.2618333333333545,
  "average_episode_turns": 288.5,
  "winner_counts": {
    "2": 3,
    "1": 2,
    "3": 1
  },
  "truncation_count": 0,
  "average_first_place_rate": 1.0,
  "average_final_placement_score": 0.4375,
  "average_final_vp": 6.041666666666667,
  "policy_loss": 0.000259582550288775,
  "value_loss": 0.0035305255488567175,
  "entropy": 0.705007308950791,
  "total_loss": -0.00502522739295203,
  "explained_variance": 0.959305465221405
}