{
  "episodes_collected": 24,
  "steps_collected": 20230,
  "average_episode_reward": 6.210833333333334,
  "average_episode_turns": 283.2083333333333,
  "winner_counts": {
    "0": 7,
    "3": 5,
    "2": 6,
    "1": 6
  },
  "truncation_count": 0,
  "average_first_place_rate": 1.0,
  "average_final_placement_score": 0.4427083333333333,
  "average_final_vp": 6.375,
  "policy_loss": -0.0011310659482851506,
  "value_loss": 0.017516938144838404,
  "entropy": 0.7721692590634405,
  "total_loss": -9.428892699533729e-05,
  "explained_variance": 0.9367611408233643
}