{
  "episodes_collected": 16,
  "steps_collected": 9095,
  "average_episode_reward": 2.286562500000014,
  "average_episode_turns": 191.8125,
  "winner_counts": {
    "1": 3,
    "2": 5,
    "3": 4,
    "0": 4
  },
  "truncation_count": 0,
  "average_first_place_rate": 1.0,
  "average_final_placement_score": 0.45703125,
  "average_final_vp": 5.421875,
  "policy_loss": -0.001305395799487672,
  "value_loss": 0.004119396139233355,
  "entropy": 0.7074074245112013,
  "total_loss": -0.0063197719082989205,
  "explained_variance": 0.9345443248748779
}