{
  "episodes_collected": 24,
  "steps_collected": 21895,
  "average_episode_reward": 4.545833333333334,
  "average_episode_turns": 312.0833333333333,
  "winner_counts": {
    "3": 11,
    "2": 2,
    "1": 5,
    "0": 6
  },
  "truncation_count": 0,
  "average_first_place_rate": 1.0,
  "average_final_placement_score": 0.4505208333333333,
  "average_final_vp": 6.03125,
  "policy_loss": -0.0008635973911324557,
  "value_loss": 0.024163942766991055,
  "entropy": 0.7371191335638074,
  "total_loss": 0.003847182946225261,
  "explained_variance": 0.7274565696716309
}