{
  "episodes_collected": 4,
  "steps_collected": 3635,
  "average_episode_reward": 1.391249999999999,
  "average_episode_turns": 306.75,
  "winner_counts": {
    "3": 1,
    "2": 2,
    "0": 1
  },
  "truncation_count": 0,
  "average_first_place_rate": 1.0,
  "average_final_placement_score": 0.4375,
  "average_final_vp": 6.25,
  "policy_loss": -0.006806963899483283,
  "value_loss": 0.00468390663956055,
  "entropy": 0.7678711061414919,
  "total_loss": -0.012143720586767845,
  "explained_variance": 0.8721961975097656
}