{
  "episodes_collected": 24,
  "steps_collected": 15039,
  "average_episode_reward": 4.454166666666667,
  "average_episode_turns": 209.70833333333334,
  "winner_counts": {
    "1": 6,
    "3": 9,
    "2": 4,
    "0": 5
  },
  "truncation_count": 0,
  "average_first_place_rate": 1.0,
  "average_final_placement_score": 0.453125,
  "average_final_vp": 5.96875,
  "policy_loss": -2.5564531221034678e-05,
  "value_loss": 0.014273969973734719,
  "entropy": 0.7863261842347206,
  "total_loss": -0.000751841139107784,
  "explained_variance": 0.9346638321876526
}