{
  "episodes_collected": 2,
  "steps_collected": 1721,
  "average_episode_reward": 1.0,
  "average_episode_turns": 305.5,
  "winner_counts": {
    "1": 1,
    "2": 1
  },
  "truncation_count": 0,
  "average_first_place_rate": 1.0,
  "average_final_placement_score": 0.46875,
  "average_final_vp": 5.5,
  "policy_loss": 0.0005776714619801,
  "value_loss": 0.008109165220444251,
  "entropy": 0.6877131764259603,
  "total_loss": -0.002244877798215452,
  "explained_variance": 0.18988418579101562
}