{
  "episodes_collected": 8,
  "steps_collected": 4818,
  "average_episode_reward": 3.3165000000000635,
  "average_episode_turns": 197.375,
  "winner_counts": {
    "0": 2,
    "1": 3,
    "3": 2,
    "2": 1
  },
  "truncation_count": 0,
  "average_first_place_rate": 1.0,
  "average_final_placement_score": 0.453125,
  "average_final_vp": 5.9375,
  "policy_loss": 0.0012227596024310353,
  "value_loss": 0.0038823080835062146,
  "entropy": 0.7601319191027556,
  "total_loss": -0.004437405404030339,
  "explained_variance": 0.9542921185493469
}