{
  "episodes_collected": 8,
  "steps_collected": 6893,
  "average_episode_reward": 1.0,
  "average_episode_turns": 287.125,
  "winner_counts": {
    "3": 2,
    "1": 5,
    "2": 1
  },
  "truncation_count": 0,
  "average_first_place_rate": 1.0,
  "average_final_placement_score": 0.4375,
  "average_final_vp": 6.3125,
  "policy_loss": -0.0005531773980086049,
  "value_loss": 0.001991618455543142,
  "entropy": 0.7674024065749513,
  "total_loss": -0.0072313923619394364,
  "explained_variance": 0.9785853624343872
}