{
  "episodes_collected": 24,
  "steps_collected": 14061,
  "average_episode_reward": 5.900833333333334,
  "average_episode_turns": 195.91666666666666,
  "winner_counts": {
    "1": 6,
    "3": 6,
    "0": 9,
    "2": 3
  },
  "truncation_count": 0,
  "average_first_place_rate": 1.0,
  "average_final_placement_score": 0.4505208333333333,
  "average_final_vp": 5.645833333333333,
  "policy_loss": 9.896501433104277e-05,
  "value_loss": 0.022096686536679046,
  "entropy": 0.770472744784572,
  "total_loss": 0.0034425804629625583,
  "explained_variance": 0.918999433517456
}