{
  "episodes_collected": 24,
  "steps_collected": 17664,
  "average_episode_reward": 4.554166666666666,
  "average_episode_turns": 247.41666666666666,
  "winner_counts": {
    "0": 5,
    "2": 7,
    "3": 4,
    "1": 8
  },
  "truncation_count": 0,
  "average_first_place_rate": 1.0,
  "average_final_placement_score": 0.4453125,
  "average_final_vp": 6.135416666666667,
  "policy_loss": -0.0005963901344659752,
  "value_loss": 0.012694384080637921,
  "entropy": 0.7694729617864325,
  "total_loss": -0.0019439273966017408,
  "explained_variance": 0.9324702024459839
}