{
  "episodes_collected": 6,
  "steps_collected": 3142,
  "average_episode_reward": 2.9381666666666924,
  "average_episode_turns": 178.5,
  "winner_counts": {
    "2": 2,
    "3": 2,
    "0": 1,
    "1": 1
  },
  "truncation_count": 0,
  "average_first_place_rate": 1.0,
  "average_final_placement_score": 0.46875,
  "average_final_vp": 5.333333333333333,
  "policy_loss": -0.00021327789021930113,
  "value_loss": 0.005897331947394585,
  "entropy": 0.6897861039275446,
  "total_loss": -0.0041624720168162875,
  "explained_variance": 0.8805410265922546
}