{
  "episodes_collected": 24,
  "steps_collected": 16108,
  "average_episode_reward": 5.890833333333333,
  "average_episode_turns": 223.16666666666666,
  "winner_counts": {
    "3": 14,
    "0": 5,
    "2": 1,
    "1": 4
  },
  "truncation_count": 0,
  "average_first_place_rate": 1.0,
  "average_final_placement_score": 0.4583333333333333,
  "average_final_vp": 5.770833333333333,
  "policy_loss": 0.0004521605747175359,
  "value_loss": 0.019559619029418433,
  "entropy": 0.7984862711339716,
  "total_loss": 0.002247107541373384,
  "explained_variance": 0.9545367956161499
}