{
  "episodes_collected": 6,
  "steps_collected": 3453,
  "average_episode_reward": 2.3578333333333523,
  "average_episode_turns": 191.83333333333334,
  "winner_counts": {
    "1": 2,
    "0": 2,
    "2": 1,
    "3": 1
  },
  "truncation_count": 0,
  "average_first_place_rate": 1.0,
  "average_final_placement_score": 0.4583333333333333,
  "average_final_vp": 5.625,
  "policy_loss": 0.0003269562514981738,
  "value_loss": 0.005437717414611985,
  "entropy": 0.7209025856314434,
  "total_loss": -0.004163210839679878,
  "explained_variance": 0.901867151260376
}