{
  "episodes_collected": 8,
  "steps_collected": 5288,
  "average_episode_reward": 1.0,
  "average_episode_turns": 216.5,
  "winner_counts": {
    "1": 4,
    "0": 2,
    "2": 2
  },
  "truncation_count": 0,
  "average_first_place_rate": 1.0,
  "average_final_placement_score": 0.453125,
  "average_final_vp": 5.84375,
  "policy_loss": -0.00017839974403964826,
  "value_loss": 0.001655160506162652,
  "entropy": 0.7774626996861883,
  "total_loss": -0.007125446234874606,
  "explained_variance": 0.9845672249794006
}