{
  "episodes_collected": 24,
  "steps_collected": 17214,
  "average_episode_reward": 5.9575000000000005,
  "average_episode_turns": 246.83333333333334,
  "winner_counts": {
    "0": 6,
    "3": 6,
    "1": 10,
    "2": 2
  },
  "truncation_count": 0,
  "average_first_place_rate": 1.0,
  "average_final_placement_score": 0.4609375,
  "average_final_vp": 5.864583333333333,
  "policy_loss": -0.0002129431450427908,
  "value_loss": 0.019181622127347996,
  "entropy": 0.7378029251630421,
  "total_loss": 0.0019998387978879604,
  "explained_variance": 0.9381891489028931
}