{
  "episodes_collected": 24,
  "steps_collected": 15108,
  "average_episode_reward": 4.391666666666667,
  "average_episode_turns": 213.04166666666666,
  "winner_counts": {
    "1": 4,
    "0": 8,
    "3": 5,
    "2": 7
  },
  "truncation_count": 0,
  "average_first_place_rate": 1.0,
  "average_final_placement_score": 0.46875,
  "average_final_vp": 5.729166666666667,
  "policy_loss": 0.0009438356878846317,
  "value_loss": 0.02097529689554936,
  "entropy": 0.7641510570276111,
  "total_loss": 0.0037899735052902526,
  "explained_variance": 0.8812540173530579
}