{
  "episodes_collected": 6,
  "steps_collected": 4498,
  "average_episode_reward": 2.900333333333385,
  "average_episode_turns": 253.0,
  "winner_counts": {
    "0": 1,
    "3": 2,
    "2": 1,
    "1": 2
  },
  "truncation_count": 0,
  "average_first_place_rate": 1.0,
  "average_final_placement_score": 0.4583333333333333,
  "average_final_vp": 6.208333333333333,
  "policy_loss": 0.0020548968562684585,
  "value_loss": 0.004156462456832858,
  "entropy": 0.7194290921514761,
  "total_loss": -0.003061161809997197,
  "explained_variance": 0.9465440511703491
}