{
  "episodes_collected": 8,
  "steps_collected": 6602,
  "average_episode_reward": 1.0,
  "average_episode_turns": 283.125,
  "winner_counts": {
    "2": 2,
    "1": 2,
    "0": 3,
    "3": 1
  },
  "truncation_count": 0,
  "average_first_place_rate": 1.0,
  "average_final_placement_score": 0.4453125,
  "average_final_vp": 5.8125,
  "policy_loss": 0.0006113059454314086,
  "value_loss": 0.0014454240027470919,
  "entropy": 0.7269097720295334,
  "total_loss": -0.0059350796734491265,
  "explained_variance": 0.9851205348968506
}