{
  "episodes_collected": 6,
  "steps_collected": 4483,
  "average_episode_reward": 2.2261666666666837,
  "average_episode_turns": 254.66666666666666,
  "winner_counts": {
    "1": 3,
    "3": 1,
    "0": 1,
    "2": 1
  },
  "truncation_count": 0,
  "average_first_place_rate": 1.0,
  "average_final_placement_score": 0.4479166666666667,
  "average_final_vp": 6.083333333333333,
  "policy_loss": -0.001973689547027345,
  "value_loss": 0.004197169086577709,
  "entropy": 0.7093052513287585,
  "total_loss": -0.006968156685654962,
  "explained_variance": 0.9524871706962585
}