{
  "episodes_collected": 6,
  "steps_collected": 3507,
  "average_episode_reward": 2.614416666666697,
  "average_episode_turns": 197.16666666666666,
  "winner_counts": {
    "1": 1,
    "2": 2,
    "3": 2,
    "0": 1
  },
  "truncation_count": 0,
  "average_first_place_rate": 1.0,
  "average_final_placement_score": 0.4583333333333333,
  "average_final_vp": 5.708333333333333,
  "policy_loss": 0.0003216765820980072,
  "value_loss": 0.0037269003908890724,
  "entropy": 0.671428807316856,
  "total_loss": -0.004529161571355706,
  "explained_variance": 0.9470634460449219
}