{
  "episodes_collected": 12,
  "steps_collected": 8431,
  "average_episode_reward": 2.714083333333379,
  "average_episode_turns": 239.41666666666666,
  "winner_counts": {
    "1": 3,
    "2": 5,
    "0": 4
  },
  "truncation_count": 0,
  "average_first_place_rate": 1.0,
  "average_final_placement_score": 0.453125,
  "average_final_vp": 5.625,
  "policy_loss": -0.00024245305965871919,
  "value_loss": 0.004561760689245018,
  "entropy": 0.7135603927514133,
  "total_loss": -0.005097176057668279,
  "explained_variance": 0.9018898606300354
}