{
  "episodes_collected": 6,
  "steps_collected": 3817,
  "average_episode_reward": 2.7471666666667116,
  "average_episode_turns": 213.33333333333334,
  "winner_counts": {
    "2": 2,
    "1": 1,
    "0": 2,
    "3": 1
  },
  "truncation_count": 0,
  "average_first_place_rate": 1.0,
  "average_final_placement_score": 0.4583333333333333,
  "average_final_vp": 5.875,
  "policy_loss": -0.0015188886250162724,
  "value_loss": 0.004287580408352704,
  "entropy": 0.7217398389675128,
  "total_loss": -0.006592496539851861,
  "explained_variance": 0.9343021512031555
}