{
  "episodes_collected": 12,
  "steps_collected": 8597,
  "average_episode_reward": 2.733583333333376,
  "average_episode_turns": 243.66666666666666,
  "winner_counts": {
    "2": 4,
    "3": 5,
    "0": 2,
    "1": 1
  },
  "truncation_count": 0,
  "average_first_place_rate": 1.0,
  "average_final_placement_score": 0.453125,
  "average_final_vp": 5.708333333333333,
  "policy_loss": 3.377270978290352e-05,
  "value_loss": 0.004226999401268947,
  "entropy": 0.6810354121707961,
  "total_loss": -0.004663081561409104,
  "explained_variance": 0.950114369392395
}