{
  "episodes_collected": 8,
  "steps_collected": 5004,
  "average_episode_reward": 1.0,
  "average_episode_turns": 205.5,
  "winner_counts": {
    "3": 2,
    "1": 2,
    "2": 2,
    "0": 2
  },
  "truncation_count": 0,
  "average_first_place_rate": 1.0,
  "average_final_placement_score": 0.453125,
  "average_final_vp": 6.3125,
  "policy_loss": -0.001441021298598142,
  "value_loss": 0.0019197067971397665,
  "entropy": 0.8023355652572243,
  "total_loss": -0.00850452292431739,
  "explained_variance": 0.9841704964637756
}