{
  "episodes_collected": 2,
  "steps_collected": 1733,
  "average_episode_reward": 1.0,
  "average_episode_turns": 281.5,
  "winner_counts": {
    "2": 1,
    "1": 1
  },
  "truncation_count": 0,
  "average_first_place_rate": 1.0,
  "average_final_placement_score": 0.5,
  "average_final_vp": 6.125,
  "policy_loss": 0.0005248888451520199,
  "value_loss": 0.006809348324027835,
  "entropy": 0.8252274071977984,
  "total_loss": -0.004322708369777774,
  "explained_variance": 0.09342199563980103
}