{
  "episodes_collected": 6,
  "steps_collected": 4685,
  "average_episode_reward": 3.4929166666666753,
  "average_episode_turns": 252.16666666666666,
  "winner_counts": {
    "1": 2,
    "2": 1,
    "3": 3
  },
  "truncation_count": 0,
  "average_first_place_rate": 1.0,
  "average_final_placement_score": 0.4479166666666667,
  "average_final_vp": 6.958333333333333,
  "policy_loss": 3.601911035922607e-05,
  "value_loss": 0.004468214279557212,
  "entropy": 0.7366934293569558,
  "total_loss": -0.005096807355162888,
  "explained_variance": 0.9748379588127136
}