{
  "episodes_collected": 12,
  "steps_collected": 7169,
  "average_episode_reward": 2.919250000000044,
  "average_episode_turns": 196.25,
  "winner_counts": {
    "1": 4,
    "0": 2,
    "3": 3,
    "2": 3
  },
  "truncation_count": 0,
  "average_first_place_rate": 1.0,
  "average_final_placement_score": 0.4479166666666667,
  "average_final_vp": 5.958333333333333,
  "policy_loss": 0.0026235979129218046,
  "value_loss": 0.004594702773368199,
  "entropy": 0.7349166454527453,
  "total_loss": -0.002428216820547486,
  "explained_variance": 0.905604362487793
}