{
  "episodes_collected": 16,
  "steps_collected": 10227,
  "average_episode_reward": 2.4108125000000173,
  "average_episode_turns": 213.8125,
  "winner_counts": {
    "1": 7,
    "0": 2,
    "3": 4,
    "2": 3
  },
  "truncation_count": 0,
  "average_first_place_rate": 1.0,
  "average_final_placement_score": 0.453125,
  "average_final_vp": 6.09375,
  "policy_loss": 0.0004958356039423961,
  "value_loss": 0.003572966036335856,
  "entropy": 0.7202750016585924,
  "total_loss": -0.004920431321079377,
  "explained_variance": 0.9500912427902222
}