{
  "episodes_collected": 24,
  "steps_collected": 17505,
  "average_episode_reward": 4.479166666666668,
  "average_episode_turns": 245.375,
  "winner_counts": {
    "2": 10,
    "3": 7,
    "1": 4,
    "0": 3
  },
  "truncation_count": 0,
  "average_first_place_rate": 1.0,
  "average_final_placement_score": 0.4557291666666667,
  "average_final_vp": 5.927083333333333,
  "policy_loss": -0.0009369020814239217,
  "value_loss": 0.01606895804896366,
  "entropy": 0.7719721018615431,
  "total_loss": -0.0006221437887934438,
  "explained_variance": 0.9040578007698059
}