{
  "episodes_collected": 24,
  "steps_collected": 21133,
  "average_episode_reward": 5.953749999999999,
  "average_episode_turns": 302.8333333333333,
  "winner_counts": {
    "3": 8,
    "0": 8,
    "2": 4,
    "1": 4
  },
  "truncation_count": 0,
  "average_first_place_rate": 1.0,
  "average_final_placement_score": 0.4505208333333333,
  "average_final_vp": 5.604166666666667,
  "policy_loss": -0.0002858700870385509,
  "value_loss": 0.05538141236178374,
  "entropy": 0.7395473137926226,
  "total_loss": 0.02000936322300251,
  "explained_variance": 0.3405417799949646
}