{
  "episodes_collected": 16,
  "steps_collected": 8808,
  "average_episode_reward": 2.259500000000015,
  "average_episode_turns": 186.0625,
  "winner_counts": {
    "2": 4,
    "3": 5,
    "1": 6,
    "0": 1
  },
  "truncation_count": 0,
  "average_first_place_rate": 1.0,
  "average_final_placement_score": 0.453125,
  "average_final_vp": 5.5,
  "policy_loss": -0.0003149888246656546,
  "value_loss": 0.004198665346125455,
  "entropy": 0.7005927425939353,
  "total_loss": -0.005221582905637834,
  "explained_variance": 0.9325360059738159
}