{
  "episodes_collected": 6,
  "steps_collected": 4590,
  "average_episode_reward": 2.221666666666687,
  "average_episode_turns": 260.0,
  "winner_counts": {
    "1": 2,
    "0": 1,
    "2": 3
  },
  "truncation_count": 0,
  "average_first_place_rate": 1.0,
  "average_final_placement_score": 0.4375,
  "average_final_vp": 5.875,
  "policy_loss": -0.0017769456798866236,
  "value_loss": 0.0049309466881531485,
  "entropy": 0.7365557117978248,
  "total_loss": -0.0066770284504788675,
  "explained_variance": 0.9334503412246704
}