{
  "episodes_collected": 8,
  "steps_collected": 4901,
  "average_episode_reward": 1.0,
  "average_episode_turns": 205.125,
  "winner_counts": {
    "2": 4,
    "1": 2,
    "3": 1,
    "0": 1
  },
  "truncation_count": 0,
  "average_first_place_rate": 1.0,
  "average_final_placement_score": 0.4453125,
  "average_final_vp": 5.40625,
  "policy_loss": -0.0008378405964558388,
  "value_loss": 0.004813700741082853,
  "entropy": 0.7731676000085744,
  "total_loss": -0.0061626658947267505,
  "explained_variance": 0.8708508610725403
}