{
  "episodes_collected": 24,
  "steps_collected": 16056,
  "average_episode_reward": 5.930000000000001,
  "average_episode_turns": 225.58333333333334,
  "winner_counts": {
    "1": 7,
    "2": 5,
    "0": 5,
    "3": 7
  },
  "truncation_count": 0,
  "average_first_place_rate": 1.0,
  "average_final_placement_score": 0.4505208333333333,
  "average_final_vp": 5.927083333333333,
  "policy_loss": -0.0005381589048575477,
  "value_loss": 0.02623245859401768,
  "entropy": 0.7850803455924132,
  "total_loss": 0.004727267745540911,
  "explained_variance": 0.9028139114379883
}