{
  "episodes_collected": 8,
  "steps_collected": 5313,
  "average_episode_reward": 1.0,
  "average_episode_turns": 218.125,
  "winner_counts": {
    "3": 2,
    "1": 3,
    "2": 2,
    "0": 1
  },
  "truncation_count": 0,
  "average_first_place_rate": 1.0,
  "average_final_placement_score": 0.4453125,
  "average_final_vp": 6.0625,
  "policy_loss": -0.0010323812934140602,
  "value_loss": 0.002347429391435496,
  "entropy": 0.7825579751216009,
  "total_loss": -0.007684245706301651,
  "explained_variance": 0.9630386829376221
}