{
  "episodes_collected": 4,
  "steps_collected": 3564,
  "average_episode_reward": 1.3464999999999991,
  "average_episode_turns": 301.75,
  "winner_counts": {
    "1": 2,
    "2": 1,
    "3": 1
  },
  "truncation_count": 0,
  "average_first_place_rate": 1.0,
  "average_final_placement_score": 0.46875,
  "average_final_vp": 5.6875,
  "policy_loss": 0.00010943232363114977,
  "value_loss": 0.005779702907374375,
  "entropy": 0.7467172878873722,
  "total_loss": -0.00446788966029281,
  "explained_variance": 0.7640629410743713
}