{
  "episodes_collected": 6,
  "steps_collected": 3249,
  "average_episode_reward": 2.662583333333354,
  "average_episode_turns": 182.33333333333334,
  "winner_counts": {
    "2": 2,
    "1": 3,
    "3": 1
  },
  "truncation_count": 0,
  "average_first_place_rate": 1.0,
  "average_final_placement_score": 0.4583333333333333,
  "average_final_vp": 5.708333333333333,
  "policy_loss": -0.0048866038594175785,
  "value_loss": 0.004598428372250341,
  "entropy": 0.7188319751591075,
  "total_loss": -0.009775709368827223,
  "explained_variance": 0.9298005104064941
}