{
  "episodes_collected": 24,
  "steps_collected": 13810,
  "average_episode_reward": 5.840833333333333,
  "average_episode_turns": 192.0,
  "winner_counts": {
    "3": 9,
    "2": 5,
    "1": 7,
    "0": 3
  },
  "truncation_count": 0,
  "average_first_place_rate": 1.0,
  "average_final_placement_score": 0.4583333333333333,
  "average_final_vp": 5.583333333333333,
  "policy_loss": -0.0005995776844900791,
  "value_loss": 0.034723265651673836,
  "entropy": 0.7886491615877107,
  "total_loss": 0.008875563620003286,
  "explained_variance": 0.860190749168396
}