{
  "episodes_collected": 24,
  "steps_collected": 15813,
  "average_episode_reward": 4.508333333333334,
  "average_episode_turns": 218.54166666666666,
  "winner_counts": {
    "3": 6,
    "0": 9,
    "2": 6,
    "1": 3
  },
  "truncation_count": 0,
  "average_first_place_rate": 1.0,
  "average_final_placement_score": 0.4505208333333333,
  "average_final_vp": 6.0625,
  "policy_loss": -0.00039415704274568895,
  "value_loss": 0.017450471202645337,
  "entropy": 0.7755182296037674,
  "total_loss": 0.0005758965576086382,
  "explained_variance": 0.9009092450141907
}