{
  "episodes_collected": 24,
  "steps_collected": 14300,
  "average_episode_reward": 4.400000000000001,
  "average_episode_turns": 198.79166666666666,
  "winner_counts": {
    "2": 4,
    "3": 8,
    "1": 7,
    "0": 5
  },
  "truncation_count": 0,
  "average_first_place_rate": 1.0,
  "average_final_placement_score": 0.453125,
  "average_final_vp": 5.791666666666667,
  "policy_loss": 0.00010066505904899081,
  "value_loss": 0.01781605719171998,
  "entropy": 0.78750979466993,
  "total_loss": 0.0011335958735038103,
  "explained_variance": 0.9092492461204529
}