{
  "episodes_collected": 24,
  "steps_collected": 21523,
  "average_episode_reward": 4.520833333333335,
  "average_episode_turns": 302.9166666666667,
  "winner_counts": {
    "3": 5,
    "2": 9,
    "0": 9,
    "1": 1
  },
  "truncation_count": 0,
  "average_first_place_rate": 1.0,
  "average_final_placement_score": 0.4583333333333333,
  "average_final_vp": 5.84375,
  "policy_loss": -0.000606539019869217,
  "value_loss": 0.026616819922495386,
  "entropy": 0.77078618912959,
  "total_loss": 0.004994009153012402,
  "explained_variance": 0.6240599751472473
}