{
  "episodes_collected": 8,
  "steps_collected": 5215,
  "average_episode_reward": 3.239375000000069,
  "average_episode_turns": 218.625,
  "winner_counts": {
    "2": 3,
    "3": 2,
    "0": 2,
    "1": 1
  },
  "truncation_count": 0,
  "average_first_place_rate": 1.0,
  "average_final_placement_score": 0.4609375,
  "average_final_vp": 5.53125,
  "policy_loss": -0.0009643092745789355,
  "value_loss": 0.00653226663139963,
  "entropy": 0.7139601422005271,
  "total_loss": -0.004837776683528045,
  "explained_variance": 0.9306314587593079
}