{
  "episodes_collected": 24,
  "steps_collected": 18108,
  "average_episode_reward": 4.504166666666667,
  "average_episode_turns": 251.0,
  "winner_counts": {
    "1": 4,
    "0": 12,
    "3": 4,
    "2": 4
  },
  "truncation_count": 0,
  "average_first_place_rate": 1.0,
  "average_final_placement_score": 0.4479166666666667,
  "average_final_vp": 5.927083333333333,
  "policy_loss": -0.0014708670647650326,
  "value_loss": 0.020784944618802006,
  "entropy": 0.7920097127398839,
  "total_loss": 0.001001507923329519,
  "explained_variance": 0.8480672240257263
}