{
  "episodes_collected": 6,
  "steps_collected": 3893,
  "average_episode_reward": 2.2178333333333433,
  "average_episode_turns": 212.66666666666666,
  "winner_counts": {
    "3": 1,
    "0": 2,
    "1": 1,
    "2": 2
  },
  "truncation_count": 0,
  "average_first_place_rate": 1.0,
  "average_final_placement_score": 0.46875,
  "average_final_vp": 5.75,
  "policy_loss": -0.00046968057782190744,
  "value_loss": 0.0036091726394007592,
  "entropy": 0.7216139933262326,
  "total_loss": -0.005881234465289067,
  "explained_variance": 0.9652090668678284
}