{
  "episodes_collected": 6,
  "steps_collected": 3251,
  "average_episode_reward": 3.0790833333333514,
  "average_episode_turns": 181.0,
  "winner_counts": {
    "0": 1,
    "2": 1,
    "3": 2,
    "1": 2
  },
  "truncation_count": 0,
  "average_first_place_rate": 1.0,
  "average_final_placement_score": 0.4479166666666667,
  "average_final_vp": 5.708333333333333,
  "policy_loss": 0.0012862462020826106,
  "value_loss": 0.003803178739069742,
  "entropy": 0.7090135155355229,
  "total_loss": -0.0039022999642161177,
  "explained_variance": 0.9576090574264526
}