{
  "episodes_collected": 24,
  "steps_collected": 22443,
  "average_episode_reward": 6.082916666666667,
  "average_episode_turns": 321.1666666666667,
  "winner_counts": {
    "1": 5,
    "0": 8,
    "3": 5,
    "2": 6
  },
  "truncation_count": 0,
  "average_first_place_rate": 1.0,
  "average_final_placement_score": 0.4583333333333333,
  "average_final_vp": 5.895833333333333,
  "policy_loss": -0.0012277651464094293,
  "value_loss": 0.03709965915534582,
  "entropy": 0.7352129449574356,
  "total_loss": 0.00996993516423896,
  "explained_variance": 0.674770176410675
}