{
  "episodes_collected": 6,
  "steps_collected": 3540,
  "average_episode_reward": 2.910000000000034,
  "average_episode_turns": 196.83333333333334,
  "winner_counts": {
    "1": 3,
    "2": 3
  },
  "truncation_count": 0,
  "average_first_place_rate": 1.0,
  "average_final_placement_score": 0.4791666666666667,
  "average_final_vp": 5.833333333333333,
  "policy_loss": -0.000862033114776955,
  "value_loss": 0.004685209366610391,
  "entropy": 0.7051845721162118,
  "total_loss": -0.0055712739400028645,
  "explained_variance": 0.9371693730354309
}