{
  "episodes_collected": 6,
  "steps_collected": 3853,
  "average_episode_reward": 2.7578333333333713,
  "average_episode_turns": 214.33333333333334,
  "winner_counts": {
    "0": 3,
    "1": 1,
    "3": 1,
    "2": 1
  },
  "truncation_count": 0,
  "average_first_place_rate": 1.0,
  "average_final_placement_score": 0.4791666666666667,
  "average_final_vp": 5.916666666666667,
  "policy_loss": 0.0004492581926317136,
  "value_loss": 0.003265515395393788,
  "entropy": 0.7061229295626715,
  "total_loss": -0.0049792127326300905,
  "explained_variance": 0.9574763178825378
}