{
  "episodes_collected": 8,
  "steps_collected": 4993,
  "average_episode_reward": 1.0,
  "average_episode_turns": 212.625,
  "winner_counts": {
    "3": 4,
    "1": 3,
    "2": 1
  },
  "truncation_count": 0,
  "average_first_place_rate": 1.0,
  "average_final_placement_score": 0.4921875,
  "average_final_vp": 5.3125,
  "policy_loss": -0.0005034377125898602,
  "value_loss": 0.002443126132293053,
  "entropy": 0.7382455861112874,
  "total_loss": -0.006664330517549875,
  "explained_variance": 0.9693766236305237
}