{
  "episodes_collected": 8,
  "steps_collected": 5197,
  "average_episode_reward": 1.0,
  "average_episode_turns": 216.25,
  "winner_counts": {
    "0": 2,
    "2": 2,
    "3": 1,
    "1": 3
  },
  "truncation_count": 0,
  "average_first_place_rate": 1.0,
  "average_final_placement_score": 0.4453125,
  "average_final_vp": 5.78125,
  "policy_loss": 0.00010786543063179482,
  "value_loss": 0.0032571143686929947,
  "entropy": 0.7838419739819743,
  "total_loss": -0.0061019968749966725,
  "explained_variance": 0.9304160475730896
}