{
  "episodes_collected": 24,
  "steps_collected": 14288,
  "average_episode_reward": 4.333333333333333,
  "average_episode_turns": 196.41666666666666,
  "winner_counts": {
    "2": 7,
    "3": 5,
    "1": 9,
    "0": 3
  },
  "truncation_count": 0,
  "average_first_place_rate": 1.0,
  "average_final_placement_score": 0.4557291666666667,
  "average_final_vp": 5.760416666666667,
  "policy_loss": -0.00042325336073569,
  "value_loss": 0.016468863280581714,
  "entropy": 0.7989199928922674,
  "total_loss": -0.00017802131058069018,
  "explained_variance": 0.9207614660263062
}