{
  "episodes_collected": 4,
  "steps_collected": 4169,
  "average_episode_reward": 1.0,
  "average_episode_turns": 355.75,
  "winner_counts": {
    "0": 2,
    "1": 1,
    "2": 1
  },
  "truncation_count": 0,
  "average_first_place_rate": 1.0,
  "average_final_placement_score": 0.4375,
  "average_final_vp": 6.4375,
  "policy_loss": 0.0001286552216272473,
  "value_loss": 0.003048088786735733,
  "entropy": 0.734629077073258,
  "total_loss": -0.005693591008911987,
  "explained_variance": 0.8919826745986938
}