{
  "episodes_collected": 12,
  "steps_collected": 6904,
  "average_episode_reward": 2.8413333333333726,
  "average_episode_turns": 188.66666666666666,
  "winner_counts": {
    "1": 2,
    "3": 4,
    "2": 3,
    "0": 3
  },
  "truncation_count": 0,
  "average_first_place_rate": 1.0,
  "average_final_placement_score": 0.4479166666666667,
  "average_final_vp": 5.708333333333333,
  "policy_loss": -0.00032879200039638416,
  "value_loss": 0.00452517113929692,
  "entropy": 0.7591127611834694,
  "total_loss": -0.005657333214508576,
  "explained_variance": 0.9313746690750122
}