{
  "episodes_collected": 6,
  "steps_collected": 3735,
  "average_episode_reward": 3.2054166666666823,
  "average_episode_turns": 207.5,
  "winner_counts": {
    "2": 3,
    "3": 2,
    "1": 1
  },
  "truncation_count": 0,
  "average_first_place_rate": 1.0,
  "average_final_placement_score": 0.4479166666666667,
  "average_final_vp": 5.875,
  "policy_loss": 0.0009075505420183524,
  "value_loss": 0.0036835577575247097,
  "entropy": 0.7159633370609875,
  "total_loss": -0.0044103030684507554,
  "explained_variance": 0.9686093330383301
}