{
  "episodes_collected": 16,
  "steps_collected": 10748,
  "average_episode_reward": 2.3582500000000257,
  "average_episode_turns": 226.8125,
  "winner_counts": {
    "0": 5,
    "1": 7,
    "3": 2,
    "2": 2
  },
  "truncation_count": 0,
  "average_first_place_rate": 1.0,
  "average_final_placement_score": 0.46484375,
  "average_final_vp": 6.0625,
  "policy_loss": -0.00014715315843377973,
  "value_loss": 0.003909188973358098,
  "entropy": 0.7181669868129704,
  "total_loss": -0.005374228245706209,
  "explained_variance": 0.9453884959220886
}