{
  "episodes_collected": 2,
  "steps_collected": 2090,
  "average_episode_reward": 1.0,
  "average_episode_turns": 351.5,
  "winner_counts": {
    "1": 1,
    "2": 1
  },
  "truncation_count": 0,
  "average_first_place_rate": 1.0,
  "average_final_placement_score": 0.4375,
  "average_final_vp": 6.375,
  "policy_loss": 0.0007306210597166578,
  "value_loss": 0.00614038371313151,
  "entropy": 0.7772995066608637,
  "total_loss": -0.003972181225664743,
  "explained_variance": 0.022031664848327637
}