{
  "episodes_collected": 2,
  "steps_collected": 1584,
  "average_episode_reward": 1.0,
  "average_episode_turns": 258.0,
  "winner_counts": {
    "0": 2
  },
  "truncation_count": 0,
  "average_first_place_rate": 1.0,
  "average_final_placement_score": 0.4375,
  "average_final_vp": 5.875,
  "policy_loss": 0.0004595257341861725,
  "value_loss": 0.008664820242678744,
  "entropy": 0.8676519545942846,
  "total_loss": -0.0038845834152942352,
  "explained_variance": 0.15650033950805664
}