{
  "episodes_collected": 4,
  "steps_collected": 4142,
  "average_episode_reward": 1.0,
  "average_episode_turns": 356.25,
  "winner_counts": {
    "0": 2,
    "2": 1,
    "3": 1
  },
  "truncation_count": 0,
  "average_first_place_rate": 1.0,
  "average_final_placement_score": 0.453125,
  "average_final_vp": 5.75,
  "policy_loss": 9.728204566827151e-05,
  "value_loss": 0.0051192837161712955,
  "entropy": 0.720612644314996,
  "total_loss": -0.004549202262909371,
  "explained_variance": 0.32291537523269653
}