{
  "episodes_collected": 4,
  "steps_collected": 3917,
  "average_episode_reward": 1.2332499999999988,
  "average_episode_turns": 326.0,
  "winner_counts": {
    "3": 2,
    "2": 1,
    "0": 1
  },
  "truncation_count": 0,
  "average_first_place_rate": 1.0,
  "average_final_placement_score": 0.4375,
  "average_final_vp": 5.9375,
  "policy_loss": -0.0005215237107203931,
  "value_loss": 0.003909192395477309,
  "entropy": 0.7833852336722977,
  "total_loss": -0.006400779395231179,
  "explained_variance": 0.9375870823860168
}