{
  "episodes_collected": 8,
  "steps_collected": 7308,
  "average_episode_reward": 0.875,
  "average_episode_turns": 303.625,
  "winner_counts": {
    "0": 1,
    "1": 3,
    "3": 2,
    "2": 2
  },
  "truncation_count": 0,
  "average_first_place_rate": 1.0,
  "average_final_placement_score": 0.453125,
  "average_final_vp": 6.03125,
  "policy_loss": -0.0028478073934296464,
  "value_loss": 0.002635305774841441,
  "entropy": 0.7992112763128426,
  "total_loss": -0.009522266814070368,
  "explained_variance": 0.8777480125427246
}