{
  "episodes_collected": 6,
  "steps_collected": 2932,
  "average_episode_reward": 2.9223333333333485,
  "average_episode_turns": 164.16666666666666,
  "winner_counts": {
    "1": 1,
    "3": 2,
    "2": 1,
    "0": 2
  },
  "truncation_count": 0,
  "average_first_place_rate": 1.0,
  "average_final_placement_score": 0.4583333333333333,
  "average_final_vp": 5.166666666666667,
  "policy_loss": -0.0012906891212839148,
  "value_loss": 0.0049528849302315275,
  "entropy": 0.7144150670374865,
  "total_loss": -0.00595839769559224,
  "explained_variance": 0.936451256275177
}