{
  "episodes_collected": 24,
  "steps_collected": 15155,
  "average_episode_reward": 5.877083333333334,
  "average_episode_turns": 208.95833333333334,
  "winner_counts": {
    "2": 10,
    "1": 3,
    "0": 7,
    "3": 4
  },
  "truncation_count": 0,
  "average_first_place_rate": 1.0,
  "average_final_placement_score": 0.453125,
  "average_final_vp": 5.760416666666667,
  "policy_loss": -0.00031616762752019906,
  "value_loss": 0.021720261110153977,
  "entropy": 0.7953417062256407,
  "total_loss": 0.002590545977736953,
  "explained_variance": 0.9175752401351929
}