{
  "episodes_collected": 8,
  "steps_collected": 6350,
  "average_episode_reward": 1.0,
  "average_episode_turns": 271.625,
  "winner_counts": {
    "1": 3,
    "2": 3,
    "0": 2
  },
  "truncation_count": 0,
  "average_first_place_rate": 1.0,
  "average_final_placement_score": 0.4453125,
  "average_final_vp": 6.21875,
  "policy_loss": -0.00034250143328073187,
  "value_loss": 0.0017248085637014692,
  "entropy": 0.7292856148364556,
  "total_loss": -0.006772953640182863,
  "explained_variance": 0.9824830889701843
}