{
  "episodes_collected": 6,
  "steps_collected": 3244,
  "average_episode_reward": 3.1630000000000194,
  "average_episode_turns": 170.83333333333334,
  "winner_counts": {
    "0": 3,
    "1": 2,
    "3": 1
  },
  "truncation_count": 0,
  "average_first_place_rate": 1.0,
  "average_final_placement_score": 0.4479166666666667,
  "average_final_vp": 5.833333333333333,
  "policy_loss": -0.0006522587477573621,
  "value_loss": 0.003515033074310554,
  "entropy": 0.7953262149259962,
  "total_loss": -0.006848005504517133,
  "explained_variance": 0.9635741114616394
}