{
  "episodes_collected": 24,
  "steps_collected": 20890,
  "average_episode_reward": 4.375000000000001,
  "average_episode_turns": 296.3333333333333,
  "winner_counts": {
    "2": 10,
    "0": 6,
    "1": 4,
    "3": 4
  },
  "truncation_count": 0,
  "average_first_place_rate": 1.0,
  "average_final_placement_score": 0.4661458333333333,
  "average_final_vp": 5.791666666666667,
  "policy_loss": -0.0005059371920584902,
  "value_loss": 0.032158669438548275,
  "entropy": 0.7525679867537792,
  "total_loss": 0.008047717773878967,
  "explained_variance": 0.4379737377166748
}