{
  "episodes_collected": 6,
  "steps_collected": 3422,
  "average_episode_reward": 2.283000000000023,
  "average_episode_turns": 193.33333333333334,
  "winner_counts": {
    "1": 2,
    "0": 1,
    "2": 3
  },
  "truncation_count": 0,
  "average_first_place_rate": 1.0,
  "average_final_placement_score": 0.46875,
  "average_final_vp": 5.541666666666667,
  "policy_loss": 0.0006021972937143851,
  "value_loss": 0.005244484862963294,
  "entropy": 0.7051036866886593,
  "total_loss": -0.003826596127892627,
  "explained_variance": 0.9502481818199158
}