{
  "episodes_collected": 6,
  "steps_collected": 4816,
  "average_episode_reward": 3.131999999999996,
  "average_episode_turns": 265.1666666666667,
  "winner_counts": {
    "0": 2,
    "1": 2,
    "2": 1,
    "3": 1
  },
  "truncation_count": 0,
  "average_first_place_rate": 1.0,
  "average_final_placement_score": 0.4479166666666667,
  "average_final_vp": 6.083333333333333,
  "policy_loss": 5.274683088559249e-05,
  "value_loss": 0.00427185602337617,
  "entropy": 0.729784675610818,
  "total_loss": -0.005109171913720147,
  "explained_variance": 0.9570303559303284
}