{
  "episodes_collected": 24,
  "steps_collected": 16428,
  "average_episode_reward": 6.092916666666667,
  "average_episode_turns": 229.0,
  "winner_counts": {
    "3": 11,
    "0": 5,
    "1": 5,
    "2": 3
  },
  "truncation_count": 0,
  "average_first_place_rate": 1.0,
  "average_final_placement_score": 0.4739583333333333,
  "average_final_vp": 5.979166666666667,
  "policy_loss": 9.420102802811893e-05,
  "value_loss": 0.023327369934150854,
  "entropy": 0.7874951224614674,
  "total_loss": 0.0038829348512095354,
  "explained_variance": 0.9291774034500122
}