{
  "episodes_collected": 6,
  "steps_collected": 5005,
  "average_episode_reward": 2.4858333333333538,
  "average_episode_turns": 276.1666666666667,
  "winner_counts": {
    "2": 3,
    "0": 2,
    "3": 1
  },
  "truncation_count": 0,
  "average_first_place_rate": 1.0,
  "average_final_placement_score": 0.4583333333333333,
  "average_final_vp": 6.583333333333333,
  "policy_loss": -0.001743526944813256,
  "value_loss": 0.004964873275776117,
  "entropy": 0.7626844840213514,
  "total_loss": -0.00688793536457129,
  "explained_variance": 0.9446871280670166
}