{
  "episodes_collected": 6,
  "steps_collected": 4159,
  "average_episode_reward": 2.720083333333369,
  "average_episode_turns": 234.0,
  "winner_counts": {
    "0": 3,
    "3": 2,
    "2": 1
  },
  "truncation_count": 0,
  "average_first_place_rate": 1.0,
  "average_final_placement_score": 0.4479166666666667,
  "average_final_vp": 5.708333333333333,
  "policy_loss": 0.00015321135377654663,
  "value_loss": 0.002540900431967412,
  "entropy": 0.6994974420047724,
  "total_loss": -0.005571312226283436,
  "explained_variance": 0.9718725681304932
}