{
  "episodes_collected": 6,
  "steps_collected": 4416,
  "average_episode_reward": 2.304000000000015,
  "average_episode_turns": 244.16666666666666,
  "winner_counts": {
    "3": 1,
    "1": 2,
    "0": 3
  },
  "truncation_count": 0,
  "average_first_place_rate": 1.0,
  "average_final_placement_score": 0.4375,
  "average_final_vp": 6.125,
  "policy_loss": -0.0009992819977924228,
  "value_loss": 0.005419123916552686,
  "entropy": 0.761266459805378,
  "total_loss": -0.005902385254781963,
  "explained_variance": 0.9213879108428955
}