{
  "episodes_collected": 6,
  "steps_collected": 4993,
  "average_episode_reward": 3.233916666666683,
  "average_episode_turns": 275.6666666666667,
  "winner_counts": {
    "3": 2,
    "1": 2,
    "2": 1,
    "0": 1
  },
  "truncation_count": 0,
  "average_first_place_rate": 1.0,
  "average_final_placement_score": 0.4479166666666667,
  "average_final_vp": 6.375,
  "policy_loss": 0.0015395184794363503,
  "value_loss": 0.004405797843718321,
  "entropy": 0.7158370495747073,
  "total_loss": -0.0034159523667023775,
  "explained_variance": 0.959483802318573
}