{
  "episodes_collected": 6,
  "steps_collected": 4743,
  "average_episode_reward": 3.1380833333333533,
  "average_episode_turns": 268.1666666666667,
  "winner_counts": {
    "2": 4,
    "1": 1,
    "0": 1
  },
  "truncation_count": 0,
  "average_first_place_rate": 1.0,
  "average_final_placement_score": 0.4583333333333333,
  "average_final_vp": 5.916666666666667,
  "policy_loss": -0.0007534355586802317,
  "value_loss": 0.0037756581592408044,
  "entropy": 0.7149207129923985,
  "total_loss": -0.006014813774074067,
  "explained_variance": 0.9679207801818848
}