{
  "episodes_collected": 6,
  "steps_collected": 2813,
  "average_episode_reward": 2.865583333333351,
  "average_episode_turns": 154.83333333333334,
  "winner_counts": {
    "1": 2,
    "0": 3,
    "3": 1
  },
  "truncation_count": 0,
  "average_first_place_rate": 1.0,
  "average_final_placement_score": 0.46875,
  "average_final_vp": 5.5,
  "policy_loss": -0.00044819249094209886,
  "value_loss": 0.006313271782511782,
  "entropy": 0.7300979887050661,
  "total_loss": -0.004592537287284027,
  "explained_variance": 0.9154565334320068
}