{
  "episodes_collected": 24,
  "steps_collected": 16153,
  "average_episode_reward": 5.8670833333333325,
  "average_episode_turns": 225.66666666666666,
  "winner_counts": {
    "1": 10,
    "2": 3,
    "3": 4,
    "0": 7
  },
  "truncation_count": 0,
  "average_first_place_rate": 1.0,
  "average_final_placement_score": 0.4505208333333333,
  "average_final_vp": 5.677083333333333,
  "policy_loss": -0.00012945382404002813,
  "value_loss": 0.019693499858408132,
  "entropy": 0.7925948110252323,
  "total_loss": 0.0017913485471491176,
  "explained_variance": 0.9406705498695374
}