{
  "episodes_collected": 2,
  "steps_collected": 1278,
  "average_episode_reward": 1.0,
  "average_episode_turns": 208.5,
  "winner_counts": {
    "0": 1,
    "1": 1
  },
  "truncation_count": 0,
  "average_first_place_rate": 1.0,
  "average_final_placement_score": 0.46875,
  "average_final_vp": 5.625,
  "policy_loss": -3.8798898458480835e-06,
  "value_loss": 0.011786795572857046,
  "entropy": 0.8402049721218645,
  "total_loss": -0.002512532047694549,
  "explained_variance": 0.07003980875015259
}