{
  "episodes_collected": 6,
  "steps_collected": 3452,
  "average_episode_reward": 2.8456666666666943,
  "average_episode_turns": 197.0,
  "winner_counts": {
    "1": 4,
    "2": 1,
    "0": 1
  },
  "truncation_count": 0,
  "average_first_place_rate": 1.0,
  "average_final_placement_score": 0.4791666666666667,
  "average_final_vp": 5.083333333333333,
  "policy_loss": 3.0108292035206602e-05,
  "value_loss": 0.004372665396658704,
  "entropy": 0.6667027019171251,
  "total_loss": -0.004450585392381375,
  "explained_variance": 0.9404391646385193
}