{
  "episodes_collected": 12,
  "steps_collected": 8774,
  "average_episode_reward": 2.827166666666717,
  "average_episode_turns": 247.58333333333334,
  "winner_counts": {
    "0": 5,
    "2": 2,
    "3": 3,
    "1": 2
  },
  "truncation_count": 0,
  "average_first_place_rate": 1.0,
  "average_final_placement_score": 0.4479166666666667,
  "average_final_vp": 6.020833333333333,
  "policy_loss": 0.000820577097123655,
  "value_loss": 0.004147077697280028,
  "entropy": 0.7128935610851738,
  "total_loss": -0.004234819191224697,
  "explained_variance": 0.9338513016700745
}