{
  "episodes_collected": 8,
  "steps_collected": 4514,
  "average_episode_reward": 3.3357500000000595,
  "average_episode_turns": 187.75,
  "winner_counts": {
    "0": 2,
    "1": 2,
    "3": 4
  },
  "truncation_count": 0,
  "average_first_place_rate": 1.0,
  "average_final_placement_score": 0.453125,
  "average_final_vp": 5.59375,
  "policy_loss": 0.0010279359973888093,
  "value_loss": 0.004442830152510149,
  "entropy": 0.7156699584540335,
  "total_loss": -0.003907348362518336,
  "explained_variance": 0.9427394866943359
}