{
  "episodes_collected": 8,
  "steps_collected": 4327,
  "average_episode_reward": 3.319125000000057,
  "average_episode_turns": 177.0,
  "winner_counts": {
    "2": 3,
    "0": 3,
    "3": 2
  },
  "truncation_count": 0,
  "average_first_place_rate": 1.0,
  "average_final_placement_score": 0.453125,
  "average_final_vp": 5.65625,
  "policy_loss": -5.849107508839716e-05,
  "value_loss": 0.004438446144997813,
  "entropy": 0.7212796565351451,
  "total_loss": -0.005052065239648757,
  "explained_variance": 0.9551103115081787
}