{
  "episodes_collected": 24,
  "steps_collected": 18270,
  "average_episode_reward": 6.1450000000000005,
  "average_episode_turns": 257.625,
  "winner_counts": {
    "2": 6,
    "0": 5,
    "1": 6,
    "3": 7
  },
  "truncation_count": 0,
  "average_first_place_rate": 1.0,
  "average_final_placement_score": 0.4505208333333333,
  "average_final_vp": 6.3125,
  "policy_loss": -3.294009819705098e-05,
  "value_loss": 0.017358183471368537,
  "entropy": 0.7881138742283221,
  "total_loss": 0.0007650128471128473,
  "explained_variance": 0.9367124438285828
}