{
  "episodes_collected": 8,
  "steps_collected": 5447,
  "average_episode_reward": 3.2078750000000724,
  "average_episode_turns": 234.0,
  "winner_counts": {
    "1": 3,
    "0": 3,
    "3": 1,
    "2": 1
  },
  "truncation_count": 0,
  "average_first_place_rate": 1.0,
  "average_final_placement_score": 0.4453125,
  "average_final_vp": 5.53125,
  "policy_loss": 0.00023517166359945477,
  "value_loss": 0.004368994975018061,
  "entropy": 0.6778408458068573,
  "total_loss": -0.004358739820186082,
  "explained_variance": 0.9468429684638977
}