{
  "episodes_collected": 4,
  "steps_collected": 4396,
  "average_episode_reward": 1.4134999999999989,
  "average_episode_turns": 370.5,
  "winner_counts": {
    "0": 2,
    "1": 2
  },
  "truncation_count": 0,
  "average_first_place_rate": 1.0,
  "average_final_placement_score": 0.4375,
  "average_final_vp": 7.0625,
  "policy_loss": 0.00018199652433395386,
  "value_loss": 0.00410890219330957,
  "entropy": 0.7900751123645089,
  "total_loss": -0.005664303148673339,
  "explained_variance": 0.8926851749420166
}