{
  "episodes_collected": 6,
  "steps_collected": 3109,
  "average_episode_reward": 3.307583333333343,
  "average_episode_turns": 168.16666666666666,
  "winner_counts": {
    "3": 3,
    "1": 2,
    "2": 1
  },
  "truncation_count": 0,
  "average_first_place_rate": 1.0,
  "average_final_placement_score": 0.4479166666666667,
  "average_final_vp": 6.166666666666667,
  "policy_loss": 0.0013652445891728768,
  "value_loss": 0.004796779074538977,
  "entropy": 0.7373491447705489,
  "total_loss": -0.003609857273598512,
  "explained_variance": 0.9523576498031616
}